"","Unit","Traveling","Area-restricted Search"
"1","Bransfield Strait East",1.31390046296296,9.08476851851852
"2","Bransfield Strait West",35.8483217592593,206.240555555556
"3","Drake Passage East",5.54643518518519,6.29305555555556
"4","Drake Passage West",8.28736111111111,66.9149421296296
"5","Pelagic Area",79.7011342592593,196.978298611111
"6","West",121.536400462963,533.792164351852
"7","Outside Units",33.3627314814815,64.201724537037
