"","Unit","Traveling","Area-restricted Search"
"1","Bransfield Strait East",5.19366898148148,4.29741898148148
"2","Bransfield Strait West",61.3369328703704,193.685289351852
"3","Drake Passage East",6.52778935185185,5.32938657407407
"4","Drake Passage West",41.4267476851852,63.6460416666667
"5","AP Pelagic Area",122.822476851852,134.54462962963
"6","AP West",222.172986111111,430.779409722222
"7",NA,42.1487962962963,47.7878125
