"","Unit","All","Area.Restricted.Search","Traveling"
"1","Drake Passage East",0,0,0
"2","East (partly in 485)",0,0,0
"3","Elephant Island",0,0,0
"4",NA,0,0,0
"5","Bransfield Strait East",14.2869444444444,14.2869444444444,0
"6","Pelagic Area",23.9137384259259,23.7397106481481,0.174027777777778
"7","Drake Passage West",56.0796064814815,56.0796064814815,0
"8","Bransfield Strait West",445.739097222222,336.650972222222,0.8896875
"9","West",914.762175925926,870.401921296296,1.31449074074074
