"","Unit","All","Area.Restricted.Search","Traveling"
"1","Elephant Island",0,0,0
"2","East (partly in 485)",1.35559027777778,0.301493055555556,0.0427777777777778
"3","Bransfield Strait East",1.71329861111111,0.979756944444444,0.733541666666667
"4","Drake Passage East",2.05486111111111,2.05486111111111,0
"5",NA,105.387777777778,105.387777777778,0
"6","Pelagic Area",110.483888888889,35.4213657407407,29.5875347222222
"7","Drake Passage West",246.467615740741,246.071319444444,0.396296296296296
"8","Bransfield Strait West",397.018738425926,338.936354166667,2.75063657407407
"9","West",777.765162037037,692.826712962963,5.35543981481481
