"","Unit","All","Area.Restricted.Search","Traveling"
"1","Elephant Island",0,0,0
"2","East (partly in 485)",1.35559027777778,0.301493055555556,0.0427777777777778
"3","Bransfield Strait East",1.71329861111111,0.979756944444444,0.733541666666667
"4","Drake Passage East",2.05486111111111,2.05486111111111,0
"5",NA,105.387777777778,105.387777777778,0
"6","Pelagic Area",109.849710648148,34.5539467592593,29.8105671296296
"7","Drake Passage West",246.467615740741,246.071319444444,0.396296296296296
"8","West",777.454351851852,690.170034722222,5.65003472222222
"9","Bransfield Strait West",875.659351851852,816.772465277778,4.27765046296296
