"","Unit","Traveling","Area-restricted Search"
"1","Bransfield Strait East",5.26935185185185,4.29138888888889
"2","Bransfield Strait West",65.3164699074074,164.99474537037
"3","Drake Passage East",6.52778935185185,5.56893518518519
"4","Drake Passage West",45.4987268518519,64.9383101851852
"5","Pelagic Area",136.975428240741,120.957453703704
"6","West",201.770497685185,429.862453703704
"7","Outside Units",45.7816087962963,44.442974537037
