"","Unit","All.Behavior","Traveling","Area.restricted.Search"
"1","Drake Passage East",0,0,0
"2","Drake Passage West",0,0,0
"3","East (partly in 485)",0,0,0
"4","Elephant Island",0,0,0
"5",NA,0,0,0
"6","Bransfield Strait East",0.173333333333333,0,0.173333333333333
"7","Pelagic Area",0.755428240740741,0.24287037037037,0.51255787037037
"8","Bransfield Strait West",189.455509259259,1.61144675925926,187.8440625
"9","West",278.689467592593,0.44375,276.711550925926
